run_id,status,timestamp_utc,seed,data_size_target,n_train,n_valid,n_test,width_multiplier,filters,parameter_count,epochs_requested,epochs_completed,best_epoch,best_valid_loss,best_valid_mean_dice_ex_bg,test_pixel_accuracy,test_mean_dice_ex_bg,test_blas_mae,test_blas_corr,elapsed_sec,output_dir
n0032_seed47_w0.5,completed,2026-05-16T05:28:11.889243+00:00,47,32,34,93,100,0.5,16x32x64x128x256,1963894,200,200,196,0.634906421425522,0.2277282404884915,0.9336701965332032,0.21297101642964328,0.3791086163512856,0.0,255.096,outputs/scaling_law/runs/n0032_seed47_w0.5
n0064_seed47_w0.5,completed,2026-05-16T05:33:36.221803+00:00,47,64,68,93,100,0.5,16x32x64x128x256,1963894,200,200,199,0.49852969569544636,0.3970933532480937,0.9374739074707031,0.3681045069371892,0.20647282871453726,0.5819467140651622,324.286,outputs/scaling_law/runs/n0064_seed47_w0.5
n0128_seed47_w0.5,completed,2026-05-16T05:41:04.384681+00:00,47,128,132,93,100,0.5,16x32x64x128x256,1963894,200,200,194,0.34275520360598,0.5451772314898632,0.9440580749511719,0.5373355751526286,0.18653165988448592,0.6484739273965912,448.145,outputs/scaling_law/runs/n0128_seed47_w0.5
n0192_seed47_w0.5,completed,2026-05-16T05:50:33.294849+00:00,47,192,193,93,100,0.5,16x32x64x128x256,1963894,200,200,188,0.29560373419074604,0.6771521593087422,0.952259521484375,0.6898948230408315,0.15748696771803003,0.6340028985158077,568.873,outputs/scaling_law/runs/n0192_seed47_w0.5
n0256_seed47_w0.5,completed,2026-05-16T06:02:10.914269+00:00,47,256,259,93,100,0.5,16x32x64x128x256,1963894,200,200,191,0.28854965843180175,0.6840032070401183,0.9524549865722656,0.6979913837225701,0.17081632980572045,0.5977257803228536,697.595,outputs/scaling_law/runs/n0256_seed47_w0.5
n0320_seed47_w0.5,completed,2026-05-16T06:13:48.446864+00:00,47,320,322,93,100,0.5,16x32x64x128x256,1963894,200,170,145,0.2890945916534752,0.6883514442619718,0.9539973449707031,0.7022330932842371,0.1619093153704808,0.6109060945427224,697.508,outputs/scaling_law/runs/n0320_seed47_w0.5
n0370_seed47_w0.5,completed,2026-05-16T06:25:44.704503+00:00,47,370,370,93,100,0.5,16x32x64x128x256,1963894,200,157,132,0.2860841908121622,0.6931050024227121,0.95620361328125,0.7088783504823871,0.16400688698659535,0.607522797195621,716.234,outputs/scaling_law/runs/n0370_seed47_w0.5
n0032_seed48_w0.5,completed,2026-05-16T06:27:44.953604+00:00,48,32,33,93,100,0.5,16x32x64x128x256,1963894,200,93,68,0.8988602219089386,0.1835669433412884,0.921279296875,0.1607660703854424,0.2699235438477013,0.2722368471833781,120.226,outputs/scaling_law/runs/n0032_seed48_w0.5
n0064_seed48_w0.5,completed,2026-05-16T06:33:03.878308+00:00,48,64,64,93,100,0.5,16x32x64x128x256,1963894,200,200,200,0.5128294703780963,0.3742837913616512,0.9335626220703125,0.3417652116982864,0.19827577977886132,0.6361152157801052,318.901,outputs/scaling_law/runs/n0064_seed48_w0.5
n0128_seed48_w0.5,completed,2026-05-16T06:40:30.663107+00:00,48,128,129,93,100,0.5,16x32x64x128x256,1963894,200,200,196,0.34583339575798283,0.5389961949206288,0.9441574096679688,0.5413613081460635,0.1848076109271643,0.6289403689651223,446.76,outputs/scaling_law/runs/n0128_seed48_w0.5
n0192_seed48_w0.5,completed,2026-05-16T06:49:59.663028+00:00,48,192,192,93,100,0.5,16x32x64x128x256,1963894,200,200,196,0.29061125298982027,0.7016650717259185,0.9546963500976563,0.6929563182487017,0.16520057132680807,0.6433019459846859,568.975,outputs/scaling_law/runs/n0192_seed48_w0.5
n0256_seed48_w0.5,completed,2026-05-16T07:01:37.120589+00:00,48,256,257,93,100,0.5,16x32x64x128x256,1963894,200,200,185,0.28650751101073396,0.6940774599533572,0.9554115295410156,0.7018537630786541,0.1606786219734236,0.6200603935466146,697.434,outputs/scaling_law/runs/n0256_seed48_w0.5
n0320_seed48_w0.5,completed,2026-05-16T07:15:13.009895+00:00,48,320,320,93,100,0.5,16x32x64x128x256,1963894,200,200,188,0.2769004180226275,0.7157074116126156,0.9556083679199219,0.7029563728633264,0.1597185134343927,0.6202392885006193,815.865,outputs/scaling_law/runs/n0320_seed48_w0.5
n0370_seed48_w0.5,completed,2026-05-16T07:30:43.254669+00:00,48,370,371,93,100,0.5,16x32x64x128x256,1963894,200,200,179,0.27850584060915057,0.7127455824742966,0.9568040466308594,0.7138215397538061,0.1549918325722656,0.647338739426438,930.219,outputs/scaling_law/runs/n0370_seed48_w0.5
n0032_seed49_w0.5,completed,2026-05-16T07:34:43.216494+00:00,49,32,32,93,100,0.5,16x32x64x128x256,1963894,200,188,163,0.8575531859551707,0.07947286974643024,0.8948309326171875,0.055539347130613495,0.3791086163512856,0.0,239.938,outputs/scaling_law/runs/n0032_seed49_w0.5
n0064_seed49_w0.5,completed,2026-05-16T07:40:02.567802+00:00,49,64,64,93,100,0.5,16x32x64x128x256,1963894,200,200,185,0.568698497228725,0.31451963294488194,0.9260542297363281,0.32044423045451664,0.2283983278835188,0.5215985390568907,319.327,outputs/scaling_law/runs/n0064_seed49_w0.5
n0128_seed49_w0.5,completed,2026-05-16T07:47:29.093885+00:00,49,128,129,93,100,0.5,16x32x64x128x256,1963894,200,200,190,0.3740851318323484,0.5220974660415914,0.9431062316894532,0.5353626375979136,0.19518339570389479,0.5629960131574605,446.502,outputs/scaling_law/runs/n0128_seed49_w0.5
n0192_seed49_w0.5,completed,2026-05-16T07:56:59.451917+00:00,49,192,192,93,100,0.5,16x32x64x128x256,1963894,200,200,200,0.3117427707359355,0.6633569167888688,0.9541627502441407,0.6932339738909257,0.1721028620945494,0.5608976055373529,570.334,outputs/scaling_law/runs/n0192_seed49_w0.5
n0256_seed49_w0.5,completed,2026-05-16T08:06:36.099962+00:00,49,256,258,93,100,0.5,16x32x64x128x256,1963894,200,164,139,0.30505103609895196,0.6677353282305163,0.9531137084960938,0.6942994048704986,0.15823428011228033,0.6368019465594722,576.622,outputs/scaling_law/runs/n0256_seed49_w0.5
n0320_seed49_w0.5,completed,2026-05-16T08:19:31.549323+00:00,49,320,320,93,100,0.5,16x32x64x128x256,1963894,200,189,164,0.2893906219672131,0.7021179114049136,0.955128173828125,0.7055991517166846,0.1616133884067666,0.5994533204985196,775.425,outputs/scaling_law/runs/n0320_seed49_w0.5
n0370_seed49_w0.5,completed,2026-05-16T08:32:17.331763+00:00,49,370,371,93,100,0.5,16x32x64x128x256,1963894,200,167,142,0.29629205407634857,0.688967605477362,0.95531005859375,0.7071620617785025,0.15981406966973963,0.631514406510808,765.758,outputs/scaling_law/runs/n0370_seed49_w0.5
n0032_seed50_w0.5,completed,2026-05-16T08:32:58.637352+00:00,50,32,32,93,100,0.5,16x32x64x128x256,1963894,200,32,7,1.0407322324732298,0.16837506091647964,0.8998493957519531,0.1677827030311034,0.33313625146552167,0.08056371766412318,41.282,outputs/scaling_law/runs/n0032_seed50_w0.5
n0064_seed50_w0.5,completed,2026-05-16T08:38:16.996647+00:00,50,64,65,93,100,0.5,16x32x64x128x256,1963894,200,200,200,0.5002468004021593,0.32607969698133116,0.93472900390625,0.33365008784242517,0.18836427703407121,0.6260078372399903,318.336,outputs/scaling_law/runs/n0064_seed50_w0.5
n0128_seed50_w0.5,completed,2026-05-16T08:45:42.279335+00:00,50,128,129,93,100,0.5,16x32x64x128x256,1963894,200,200,197,0.3412260480465428,0.5360369105999452,0.9443820190429687,0.5387688501131076,0.18957126381084957,0.6481403147581324,445.258,outputs/scaling_law/runs/n0128_seed50_w0.5
n0192_seed50_w0.5,completed,2026-05-16T08:55:19.451506+00:00,50,192,194,93,100,0.5,16x32x64x128x256,1963894,200,200,198,0.32726904653733774,0.5440076639374232,0.9447984313964843,0.543640931729152,0.16605479472114937,0.6766515894314644,577.148,outputs/scaling_law/runs/n0192_seed50_w0.5
n0256_seed50_w0.5,completed,2026-05-16T09:06:58.561353+00:00,50,256,257,93,100,0.5,16x32x64x128x256,1963894,200,200,195,0.28620888276766704,0.6904151273782727,0.9552351379394531,0.7068677577404887,0.16029869273720387,0.6351123068617475,699.086,outputs/scaling_law/runs/n0256_seed50_w0.5
n0320_seed50_w0.5,completed,2026-05-16T09:20:37.236126+00:00,50,320,321,93,100,0.5,16x32x64x128x256,1963894,200,200,197,0.2766510360343482,0.7060852500617845,0.9563536071777343,0.7116571739142618,0.15934231548307565,0.6299945017025712,818.651,outputs/scaling_law/runs/n0320_seed50_w0.5
n0370_seed50_w0.5,completed,2026-05-16T09:35:51.443762+00:00,50,370,370,93,100,0.5,16x32x64x128x256,1963894,200,200,190,0.2753033439318339,0.708245780120557,0.956817626953125,0.7126721845586701,0.16016411456745627,0.618397853580617,914.183,outputs/scaling_law/runs/n0370_seed50_w0.5
n0032_seed51_w0.5,completed,2026-05-16T09:39:57.865073+00:00,51,32,32,95,100,0.5,16x32x64x128x256,1963894,200,188,163,0.8062788423738981,0.2474409990630002,0.9219309997558593,0.22376822115264608,0.23425193763744392,0.47929741599559705,246.398,outputs/scaling_law/runs/n0032_seed51_w0.5
n0064_seed51_w0.5,completed,2026-05-16T09:45:31.339652+00:00,51,64,68,95,100,0.5,16x32x64x128x256,1963894,200,200,181,0.5675917587782208,0.21767254970001818,0.927880859375,0.2027568627412209,0.2316208201281071,0.5603214159015392,333.45,outputs/scaling_law/runs/n0064_seed51_w0.5
n0128_seed51_w0.5,completed,2026-05-16T09:53:11.984030+00:00,51,128,132,95,100,0.5,16x32x64x128x256,1963894,200,200,199,0.33126773583261593,0.5558213774746885,0.9423399353027344,0.5368226648777388,0.18131175311793105,0.6746866795653085,460.618,outputs/scaling_law/runs/n0128_seed51_w0.5
n0192_seed51_w0.5,completed,2026-05-16T10:02:55.074814+00:00,51,192,194,95,100,0.5,16x32x64x128x256,1963894,200,200,199,0.29778964143050346,0.6790776734148983,0.9537689208984375,0.6817574849916178,0.16459773266654035,0.6282676714470627,583.066,outputs/scaling_law/runs/n0192_seed51_w0.5
n0256_seed51_w0.5,completed,2026-05-16T10:14:45.191841+00:00,51,256,258,95,100,0.5,16x32x64x128x256,1963894,200,200,195,0.28917054408474974,0.6931164133445253,0.9539816284179687,0.6987489882290489,0.16371802588571951,0.6253360011346122,710.09,outputs/scaling_law/runs/n0256_seed51_w0.5
n0320_seed51_w0.5,completed,2026-05-16T10:27:13.217845+00:00,51,320,320,95,100,0.5,16x32x64x128x256,1963894,200,180,155,0.28820722981503133,0.6925344953893243,0.9548298645019532,0.6974153635625082,0.1619964979744962,0.6184522937528543,748.001,outputs/scaling_law/runs/n0320_seed51_w0.5
n0370_seed51_w0.5,completed,2026-05-16T10:39:51.346160+00:00,51,370,369,95,100,0.5,16x32x64x128x256,1963894,200,163,138,0.28672911493401776,0.6935565625372497,0.9555778503417969,0.7074742296669915,0.16402598661501433,0.6269502765419855,758.104,outputs/scaling_law/runs/n0370_seed51_w0.5
n0032_seed47_w1,completed,2026-05-16T10:44:21.572771+00:00,47,32,34,93,100,1.0,32x64x128x256x512,7849190,200,200,199,0.4618418447432979,0.5254508042435028,0.9394296264648437,0.515219940851946,0.19636847586386538,0.5012106897990618,270.175,outputs/scaling_law/runs/n0032_seed47_w1
n0064_seed47_w1,completed,2026-05-16T10:50:12.781559+00:00,47,64,68,93,100,1.0,32x64x128x256x512,7849190,200,200,200,0.3520585811266335,0.5374405220035012,0.9460939025878906,0.547637633509979,0.20786178021340176,0.4010742722819316,351.158,outputs/scaling_law/runs/n0064_seed47_w1
n0128_seed47_w1,completed,2026-05-16T10:57:20.840935+00:00,47,128,132,93,100,1.0,32x64x128x256x512,7849190,200,166,141,0.2963511658612118,0.6624200919561122,0.9539407348632812,0.6823937979316727,0.1701005532303093,0.6247313136590537,427.969,outputs/scaling_law/runs/n0128_seed47_w1
n0192_seed47_w1,completed,2026-05-16T11:04:29.339835+00:00,47,192,193,93,100,1.0,32x64x128x256x512,7849190,200,132,107,0.2937626284296795,0.6820987970263908,0.9527568054199219,0.6964170156586434,0.16434941182702878,0.6157793321985254,428.402,outputs/scaling_law/runs/n0192_seed47_w1
n0256_seed47_w1,completed,2026-05-16T11:11:22.786528+00:00,47,256,259,93,100,1.0,32x64x128x256x512,7849190,200,104,79,0.29367381590668873,0.6804814813363522,0.9548406982421875,0.694336574249489,0.16864114936753424,0.6088227994751264,413.35,outputs/scaling_law/runs/n0256_seed47_w1
n0320_seed47_w1,completed,2026-05-16T11:19:37.102908+00:00,47,320,322,93,100,1.0,32x64x128x256x512,7849190,200,106,81,0.28400348847912205,0.6913928997907478,0.956812744140625,0.7131737380820377,0.1674729879796748,0.6012847000863324,494.227,outputs/scaling_law/runs/n0320_seed47_w1
n0370_seed47_w1,completed,2026-05-16T11:30:28.258342+00:00,47,370,370,93,100,1.0,32x64x128x256x512,7849190,200,125,100,0.28574576268913926,0.6930481295173052,0.9580224609375,0.7157089936229692,0.15862783538680753,0.62579830652909,651.03,outputs/scaling_law/runs/n0370_seed47_w1
n0032_seed48_w1,completed,2026-05-16T11:34:48.350218+00:00,48,32,33,93,100,1.0,32x64x128x256x512,7849190,200,172,147,0.7531547501523007,0.24263786615428007,0.9296623229980469,0.23816312878066767,0.279927854381226,0.2412186928260264,260.017,outputs/scaling_law/runs/n0032_seed48_w1
n0064_seed48_w1,completed,2026-05-16T11:40:58.236378+00:00,48,64,64,93,100,1.0,32x64x128x256x512,7849190,200,200,195,0.3677559972450297,0.5290422324914124,0.9423469543457031,0.5315506272348266,0.19265374246631947,0.6295194501349785,369.804,outputs/scaling_law/runs/n0064_seed48_w1
n0128_seed48_w1,completed,2026-05-16T11:49:30.667297+00:00,48,128,129,93,100,1.0,32x64x128x256x512,7849190,200,200,175,0.2868453472532252,0.7057145672999108,0.9561305236816406,0.7013672244624671,0.17160415317236904,0.5917865730325389,512.365,outputs/scaling_law/runs/n0128_seed48_w1
n0192_seed48_w1,completed,2026-05-16T11:58:26.586868+00:00,48,192,192,93,100,1.0,32x64x128x256x512,7849190,200,165,140,0.27845589031455337,0.7077388745156795,0.9557069396972656,0.6972484527937821,0.17878329128891507,0.5809840774385757,535.834,outputs/scaling_law/runs/n0192_seed48_w1
n0256_seed48_w1,completed,2026-05-16T12:08:46.912277+00:00,48,256,257,93,100,1.0,32x64x128x256x512,7849190,200,157,132,0.28148179733625023,0.703659638838851,0.9553359985351563,0.7035667366049777,0.17405283212383352,0.5777422268651093,620.203,outputs/scaling_law/runs/n0256_seed48_w1
n0320_seed48_w1,completed,2026-05-16T12:22:00.472592+00:00,48,320,320,93,100,1.0,32x64x128x256x512,7849190,200,172,147,0.26806083257480334,0.7251790807155536,0.9587513732910157,0.7145276897936962,0.1581461000515705,0.6232404696558949,793.429,outputs/scaling_law/runs/n0320_seed48_w1
n0370_seed48_w1,completed,2026-05-16T12:32:55.890441+00:00,48,370,371,93,100,1.0,32x64x128x256x512,7849190,200,126,101,0.26970082265074535,0.7207522366280932,0.9579823303222657,0.7130752354458707,0.16123510995880752,0.6042335850009735,655.281,outputs/scaling_law/runs/n0370_seed48_w1
n0032_seed49_w1,completed,2026-05-16T12:37:56.405613+00:00,49,32,32,93,100,1.0,32x64x128x256x512,7849190,200,200,196,0.513845246325257,0.45477240215824255,0.9238603210449219,0.44496608741888377,0.22503584405715849,0.5367564802522016,300.411,outputs/scaling_law/runs/n0032_seed49_w1
n0064_seed49_w1,completed,2026-05-16T12:44:07.828924+00:00,49,64,64,93,100,1.0,32x64x128x256x512,7849190,200,200,194,0.35049716631571454,0.6089903596647088,0.94558837890625,0.6381073083132408,0.20790392410097452,0.5072459199580781,371.346,outputs/scaling_law/runs/n0064_seed49_w1
n0128_seed49_w1,completed,2026-05-16T12:51:40.949559+00:00,49,128,129,93,100,1.0,32x64x128x256x512,7849190,200,177,152,0.3167380687370095,0.6454886825359534,0.9533833312988281,0.6739705119422019,0.16369110486541505,0.6166963119800193,453.019,outputs/scaling_law/runs/n0128_seed49_w1
n0192_seed49_w1,completed,2026-05-16T12:57:39.265647+00:00,49,192,192,93,100,1.0,32x64x128x256x512,7849190,200,110,85,0.3032670623512678,0.6713344808920894,0.9526739501953125,0.6905474961034788,0.176981716908407,0.595142777852453,358.23,outputs/scaling_law/runs/n0192_seed49_w1
n0256_seed49_w1,completed,2026-05-16T13:05:51.846616+00:00,49,256,258,93,100,1.0,32x64x128x256x512,7849190,200,124,99,0.2882707993830404,0.6994030337425914,0.9580705261230469,0.7010039096683401,0.1634776818064651,0.5913289101770641,492.465,outputs/scaling_law/runs/n0256_seed49_w1
n0320_seed49_w1,completed,2026-05-16T13:15:10.707614+00:00,49,320,320,93,100,1.0,32x64x128x256x512,7849190,200,120,95,0.28255427300289115,0.7059887934334946,0.9555075073242187,0.7112692581165727,0.16386303697567503,0.6102269013223115,558.744,outputs/scaling_law/runs/n0320_seed49_w1
n0370_seed49_w1,completed,2026-05-16T13:26:55.470814+00:00,49,370,371,93,100,1.0,32x64x128x256x512,7849190,200,136,111,0.2806190374077007,0.717422126376289,0.9577659606933594,0.7118695022717055,0.15605600847705914,0.6357613492955105,704.652,outputs/scaling_law/runs/n0370_seed49_w1
n0032_seed50_w1,completed,2026-05-16T13:31:51.502518+00:00,50,32,32,93,100,1.0,32x64x128x256x512,7849190,200,200,196,0.5368255793407399,0.4788178287344877,0.9433573913574219,0.48778053079722794,0.19761379246097108,0.5684593387423869,295.938,outputs/scaling_law/runs/n0032_seed50_w1
n0064_seed50_w1,completed,2026-05-16T13:38:01.545503+00:00,50,64,65,93,100,1.0,32x64x128x256x512,7849190,200,200,197,0.3204814878202254,0.6638031444783304,0.9485670471191406,0.6818232955931849,0.17932687861789876,0.5907121064947269,369.943,outputs/scaling_law/runs/n0064_seed50_w1
n0128_seed50_w1,completed,2026-05-16T13:46:18.629947+00:00,50,128,129,93,100,1.0,32x64x128x256x512,7849190,200,196,171,0.2961077892011212,0.6846437023384077,0.9567453002929688,0.7046369771064771,0.15532791732632326,0.6593521588893154,496.96,outputs/scaling_law/runs/n0128_seed50_w1
n0192_seed50_w1,completed,2026-05-16T13:55:27.866920+00:00,50,192,194,93,100,1.0,32x64x128x256x512,7849190,200,169,144,0.2763030291885458,0.7058036352537834,0.9581413269042969,0.711693640477014,0.1652573126989201,0.5951146413078275,549.135,outputs/scaling_law/runs/n0192_seed50_w1
n0256_seed50_w1,completed,2026-05-16T14:03:39.652754+00:00,50,256,257,93,100,1.0,32x64x128x256x512,7849190,200,124,99,0.27548611100002,0.7079604637211415,0.9574371337890625,0.7134968498975379,0.15893808162855388,0.6217219306734404,491.7,outputs/scaling_law/runs/n0256_seed50_w1
n0320_seed50_w1,completed,2026-05-16T14:11:41.164125+00:00,50,320,321,93,100,1.0,32x64x128x256x512,7849190,200,103,78,0.2729383235977542,0.7144178592062295,0.9563496398925782,0.7137291511442491,0.16887643540051583,0.6097529622591569,481.419,outputs/scaling_law/runs/n0320_seed50_w1
n0370_seed50_w1,completed,2026-05-16T14:21:14.508719+00:00,50,370,370,93,100,1.0,32x64x128x256x512,7849190,200,111,86,0.2705054504256095,0.714688021984599,0.9584986877441406,0.7170435757594638,0.1567790609701232,0.6215935585457628,573.261,outputs/scaling_law/runs/n0370_seed50_w1
n0032_seed51_w1,completed,2026-05-16T14:26:16.188756+00:00,51,32,32,95,100,1.0,32x64x128x256x512,7849190,200,200,198,0.5563672780990601,0.3935568303644095,0.9370137023925781,0.36885947361172705,0.2587970176425435,0.22614085958903024,301.581,outputs/scaling_law/runs/n0032_seed51_w1
n0064_seed51_w1,completed,2026-05-16T14:33:01.455875+00:00,51,64,68,95,100,1.0,32x64x128x256x512,7849190,200,200,200,0.3413487578693189,0.5591756075821712,0.9451681518554688,0.5461516767406185,0.23007029928698997,0.3023302876267912,405.18,outputs/scaling_law/runs/n0064_seed51_w1
n0128_seed51_w1,completed,2026-05-16T14:41:18.177613+00:00,51,128,132,95,100,1.0,32x64x128x256x512,7849190,200,193,168,0.3000395975614849,0.6692181481112062,0.9544039916992187,0.6919627042232259,0.16697928593265196,0.5882249404217916,496.606,outputs/scaling_law/runs/n0128_seed51_w1
n0192_seed51_w1,completed,2026-05-16T14:48:55.820068+00:00,51,192,194,95,100,1.0,32x64x128x256x512,7849190,200,140,115,0.29172705788361397,0.6884758706677518,0.9555941772460937,0.6975781397176233,0.158295390472846,0.6189510316848172,457.549,outputs/scaling_law/runs/n0192_seed51_w1
n0256_seed51_w1,completed,2026-05-16T14:56:31.823239+00:00,51,256,258,95,100,1.0,32x64x128x256x512,7849190,200,115,90,0.28525066062023763,0.6929009184375058,0.9559696960449219,0.7010433968766874,0.15911321168038126,0.6028486069824768,455.898,outputs/scaling_law/runs/n0256_seed51_w1
n0320_seed51_w1,completed,2026-05-16T15:04:37.394486+00:00,51,320,320,95,100,1.0,32x64x128x256x512,7849190,200,104,79,0.28241073991123,0.6982422791924012,0.9542228698730468,0.6970522172342071,0.16910691232123223,0.609436830460386,485.466,outputs/scaling_law/runs/n0320_seed51_w1
n0370_seed51_w1,completed,2026-05-16T15:14:13.014227+00:00,51,370,369,95,100,1.0,32x64x128x256x512,7849190,200,111,86,0.285943614495428,0.692590268398791,0.9549966430664063,0.7022634284767871,0.15729486131953652,0.6430393150947383,575.529,outputs/scaling_law/runs/n0370_seed51_w1
n0032_seed47_w1.5,completed,2026-05-16T15:19:27.108137+00:00,47,32,34,93,100,1.5,48x96x192x384x768,17655894,200,200,200,0.3864981445573991,0.5274485507782846,0.9438153076171875,0.5347463943089397,0.22148068119799555,0.41593158210350617,313.969,outputs/scaling_law/runs/n0032_seed47_w1.5
n0064_seed47_w1.5,completed,2026-05-16T15:25:21.591580+00:00,47,64,68,93,100,1.5,48x96x192x384x768,17655894,200,184,159,0.32476170120700715,0.6487698900884039,0.951859130859375,0.6753989531736596,0.17349204298619317,0.589782380684674,354.349,outputs/scaling_law/runs/n0064_seed47_w1.5
n0128_seed47_w1.5,completed,2026-05-16T15:32:04.207994+00:00,47,128,132,93,100,1.5,48x96x192x384x768,17655894,200,154,129,0.29151532470539054,0.68032792090395,0.9494303894042969,0.6836496304046171,0.18465442546425462,0.5859972779256276,402.487,outputs/scaling_law/runs/n0128_seed47_w1.5
n0192_seed47_w1.5,completed,2026-05-16T15:38:24.371165+00:00,47,192,193,93,100,1.5,48x96x192x384x768,17655894,200,114,89,0.29543416314227605,0.6814564600043369,0.9544415283203125,0.7026168591021213,0.17340634017230225,0.6068357270201593,380.03,outputs/scaling_law/runs/n0192_seed47_w1.5
n0256_seed47_w1.5,completed,2026-05-16T15:45:16.119133+00:00,47,256,259,93,100,1.5,48x96x192x384x768,17655894,200,102,77,0.28763916928281064,0.6823184259102604,0.9564608764648438,0.6966333738848254,0.1891168028760622,0.5379011880294982,411.597,outputs/scaling_law/runs/n0256_seed47_w1.5
n0320_seed47_w1.5,completed,2026-05-16T15:55:32.874215+00:00,47,320,322,93,100,1.5,48x96x192x384x768,17655894,200,131,106,0.280123423184118,0.7006223436098711,0.9578302001953125,0.7112299418891203,0.15597876072669992,0.6298995312567469,616.617,outputs/scaling_law/runs/n0320_seed47_w1.5
n0370_seed47_w1.5,completed,2026-05-16T16:03:41.630412+00:00,47,370,370,93,100,1.5,48x96x192x384x768,17655894,200,92,67,0.28418302215555663,0.6952512851887935,0.9581854248046875,0.7145078871180184,0.1623454663021813,0.6031627902067354,488.62,outputs/scaling_law/runs/n0370_seed47_w1.5
n0032_seed48_w1.5,completed,2026-05-16T16:08:55.664207+00:00,48,32,33,93,100,1.5,48x96x192x384x768,17655894,200,200,200,0.3981928883060332,0.5181996121061209,0.9350654602050781,0.5100514952381605,0.18043320851192543,0.6797116755299095,313.695,outputs/scaling_law/runs/n0032_seed48_w1.5
n0064_seed48_w1.5,completed,2026-05-16T16:15:16.223802+00:00,48,64,64,93,100,1.5,48x96x192x384x768,17655894,200,200,183,0.3122195646327029,0.6651808854915282,0.9512968444824219,0.665450944928617,0.17552051233419647,0.6224110055092386,380.402,outputs/scaling_law/runs/n0064_seed48_w1.5
n0128_seed48_w1.5,completed,2026-05-16T16:22:34.740537+00:00,48,128,129,93,100,1.5,48x96x192x384x768,17655894,200,147,122,0.2872856089504816,0.6996257609155667,0.9575993347167969,0.7020753550067436,0.1660448127619438,0.6079882448278986,385.338,outputs/scaling_law/runs/n0128_seed48_w1.5
n0192_seed48_w1.5,completed,2026-05-16T16:29:40.180727+00:00,48,192,192,93,100,1.5,48x96x192x384x768,17655894,200,128,103,0.2809726720856082,0.7047093469971863,0.9547036743164062,0.6988485650138732,0.16815975931709495,0.599227998937401,425.31,outputs/scaling_law/runs/n0192_seed48_w1.5
n0256_seed48_w1.5,completed,2026-05-16T16:39:20.098446+00:00,48,256,257,93,100,1.5,48x96x192x384x768,17655894,200,144,119,0.275055613569034,0.7121024744953227,0.9573713684082031,0.7072970083458626,0.1651109920345327,0.6057903471852055,579.762,outputs/scaling_law/runs/n0256_seed48_w1.5
n0320_seed48_w1.5,completed,2026-05-16T16:49:46.154053+00:00,48,320,320,93,100,1.5,48x96x192x384x768,17655894,200,134,109,0.26593677170815005,0.7290894391054545,0.9597715759277343,0.7179616979387581,0.16549146418353403,0.5941354316261386,625.698,outputs/scaling_law/runs/n0320_seed48_w1.5
n0370_seed48_w1.5,completed,2026-05-16T17:01:46.399495+00:00,48,370,371,93,100,1.5,48x96x192x384x768,17655894,200,138,113,0.2630863949175804,0.7290749933204783,0.9590647888183593,0.7195297638530356,0.1563907521863156,0.6372017789819977,720.049,outputs/scaling_law/runs/n0370_seed48_w1.5
n0032_seed49_w1.5,completed,2026-05-16T17:06:56.916745+00:00,49,32,32,93,100,1.5,48x96x192x384x768,17655894,200,200,194,0.43764208465494137,0.49709039053270976,0.9369984436035156,0.4894236185724693,0.20839326924242335,0.5072759758775985,310.343,outputs/scaling_law/runs/n0032_seed49_w1.5
n0064_seed49_w1.5,completed,2026-05-16T17:13:55.220629+00:00,49,64,64,93,100,1.5,48x96x192x384x768,17655894,200,198,173,0.345682414308671,0.6140018952195869,0.9462950134277344,0.6397080449515986,0.19317073121989747,0.5547472640789588,418.161,outputs/scaling_law/runs/n0064_seed49_w1.5
n0128_seed49_w1.5,completed,2026-05-16T17:19:43.267751+00:00,49,128,129,93,100,1.5,48x96x192x384x768,17655894,200,133,108,0.30982353289922077,0.6572329444653218,0.954005126953125,0.6750397499483289,0.1975599387926703,0.48712143242926037,347.866,outputs/scaling_law/runs/n0128_seed49_w1.5
n0192_seed49_w1.5,completed,2026-05-16T17:26:11.347873+00:00,49,192,192,93,100,1.5,48x96x192x384x768,17655894,200,117,92,0.3011145758372481,0.6709505432126666,0.9523524475097657,0.689492542727751,0.2012956838675627,0.5002110112743444,387.94,outputs/scaling_law/runs/n0192_seed49_w1.5
n0256_seed49_w1.5,completed,2026-05-16T17:34:46.966330+00:00,49,256,258,93,100,1.5,48x96x192x384x768,17655894,200,128,103,0.2896968946662,0.6868914363845734,0.9561447143554688,0.7055858570017284,0.16266541867511478,0.5906637408907206,515.459,outputs/scaling_law/runs/n0256_seed49_w1.5
n0320_seed49_w1.5,completed,2026-05-16T17:48:03.434528+00:00,49,320,320,93,100,1.5,48x96x192x384x768,17655894,200,144,119,0.27660651649198226,0.7210804032852286,0.9578373718261719,0.7104985874756307,0.16113193093173142,0.6058234573564315,796.204,outputs/scaling_law/runs/n0320_seed49_w1.5
n0370_seed49_w1.5,completed,2026-05-16T17:58:11.499578+00:00,49,370,371,93,100,1.5,48x96x192x384x768,17655894,200,109,84,0.27861882794287895,0.7188607538608898,0.9554801940917969,0.7028803511186178,0.1654897831749442,0.5931347407475394,607.859,outputs/scaling_law/runs/n0370_seed49_w1.5
n0032_seed50_w1.5,completed,2026-05-16T18:03:40.905386+00:00,50,32,32,93,100,1.5,48x96x192x384x768,17655894,200,200,191,0.434077783297467,0.5099544286226456,0.9387586975097656,0.5093324023855074,0.2052258557873669,0.6060913391379569,329.218,outputs/scaling_law/runs/n0032_seed50_w1.5
n0064_seed50_w1.5,completed,2026-05-16T18:11:50.431329+00:00,50,64,65,93,100,1.5,48x96x192x384x768,17655894,200,200,179,0.316984075051482,0.6494313983464078,0.9509190368652344,0.6846615264241266,0.1851146366659273,0.6119842834700753,489.374,outputs/scaling_law/runs/n0064_seed50_w1.5
n0128_seed50_w1.5,completed,2026-05-16T18:18:15.505355+00:00,50,128,129,93,100,1.5,48x96x192x384x768,17655894,200,140,115,0.289647916952769,0.6873014587517193,0.9572352600097657,0.7099755314233553,0.15362866705941125,0.6572552627270318,384.876,outputs/scaling_law/runs/n0128_seed50_w1.5
n0192_seed50_w1.5,completed,2026-05-16T18:25:57.098275+00:00,50,192,194,93,100,1.5,48x96x192x384x768,17655894,200,139,114,0.2774452781805428,0.7021504506789773,0.9576654052734375,0.7050224446694744,0.16807974155260516,0.5572365283923871,461.463,outputs/scaling_law/runs/n0192_seed50_w1.5
n0256_seed50_w1.5,completed,2026-05-16T18:31:26.935927+00:00,50,256,257,93,100,1.5,48x96x192x384x768,17655894,200,82,57,0.27881090102657197,0.7017282874201612,0.9553153991699219,0.6985881623179483,0.1675548989669865,0.5942645035882759,329.67,outputs/scaling_law/runs/n0256_seed50_w1.5
n0320_seed50_w1.5,completed,2026-05-16T18:39:44.815240+00:00,50,320,321,93,100,1.5,48x96x192x384x768,17655894,200,106,81,0.26987453718339244,0.7159679808388073,0.957413330078125,0.716111153033273,0.1626629048252493,0.6179961030371997,497.723,outputs/scaling_law/runs/n0320_seed50_w1.5
n0370_seed50_w1.5,completed,2026-05-16T18:50:10.740651+00:00,50,370,370,93,100,1.5,48x96x192x384x768,17655894,200,120,95,0.2698123057683309,0.7134584975093098,0.9590550231933593,0.7168307469127783,0.15408851114673147,0.6329826680909756,625.741,outputs/scaling_law/runs/n0370_seed50_w1.5
n0032_seed51_w1.5,completed,2026-05-16T18:55:27.192655+00:00,51,32,32,95,100,1.5,48x96x192x384x768,17655894,200,200,197,0.4171096086502075,0.5028444363829528,0.9455722045898437,0.51459463072466,0.17068282837541637,0.6787488497307382,316.31,outputs/scaling_law/runs/n0032_seed51_w1.5
n0064_seed51_w1.5,completed,2026-05-16T19:01:57.028217+00:00,51,64,68,95,100,1.5,48x96x192x384x768,17655894,200,200,176,0.29173708526711717,0.6962834501718247,0.9537785339355469,0.6813281612525117,0.18032436255846448,0.5709779701433538,389.686,outputs/scaling_law/runs/n0064_seed51_w1.5
n0128_seed51_w1.5,completed,2026-05-16T19:06:50.080037+00:00,51,128,132,95,100,1.5,48x96x192x384x768,17655894,200,110,85,0.3014524403371309,0.6695215224178103,0.953609619140625,0.6779881988599159,0.1764034324736866,0.5970756533132684,292.884,outputs/scaling_law/runs/n0128_seed51_w1.5
n0192_seed51_w1.5,completed,2026-05-16T19:12:09.857618+00:00,51,192,194,95,100,1.5,48x96x192x384x768,17655894,200,96,71,0.2902047513346923,0.6894033205175544,0.9551744079589843,0.6973088458805933,0.16407045286075067,0.6169805218805443,319.643,outputs/scaling_law/runs/n0192_seed51_w1.5
n0256_seed51_w1.5,completed,2026-05-16T19:18:01.429466+00:00,51,256,258,95,100,1.5,48x96x192x384x768,17655894,200,87,62,0.28443902856425235,0.698654305535604,0.9550131225585937,0.6998457992527393,0.1592529308559617,0.6252241491589906,351.416,outputs/scaling_law/runs/n0256_seed51_w1.5
n0320_seed51_w1.5,completed,2026-05-16T19:25:46.522917+00:00,51,320,320,95,100,1.5,48x96x192x384x768,17655894,200,99,74,0.2774927540829307,0.7113027372073568,0.9582659912109375,0.7049459616869814,0.16118216372124705,0.6089946860356796,464.93,outputs/scaling_law/runs/n0320_seed51_w1.5
n0370_seed51_w1.5,completed,2026-05-16T19:33:49.897357+00:00,51,370,369,95,100,1.5,48x96x192x384x768,17655894,200,92,67,0.2835018597151104,0.7035934998601153,0.9525570678710937,0.6962700779600078,0.16540731780118423,0.6249335949639839,483.203,outputs/scaling_law/runs/n0370_seed51_w1.5
